State,N_days,q_hat_annual,se_annual
1,5868,0.030646022438236192,0.0010355544039106063
2,12368,0.033590132164490194,9.948781659107763e-4
3,5215,0.030612273217927845,0.001394410024225803
4,1085,0.049812993149440765,0.004319817088169691
